{
  "Listas de Compras" : {
    "transaction" : "Listas de Compras",
    "sampleCount" : 241,
    "errorCount" : 0,
    "errorPct" : 0.0,
    "meanResTime" : 1820.775933609959,
    "minResTime" : 973.0,
    "maxResTime" : 2056.0,
    "pct1ResTime" : 2021.6,
    "pct2ResTime" : 2030.9,
    "pct3ResTime" : 2046.74,
    "throughput" : 2.1354268195431425,
    "receivedKBytesPerSec" : 3.3616289385776814,
    "sentKBytesPerSec" : 1.307531851419483
  },
  "Total" : {
    "transaction" : "Total",
    "sampleCount" : 1304,
    "errorCount" : 0,
    "errorPct" : 0.0,
    "meanResTime" : 8361.858895705518,
    "minResTime" : 251.0,
    "maxResTime" : 25065.0,
    "pct1ResTime" : 21968.5,
    "pct2ResTime" : 23032.25,
    "pct3ResTime" : 24984.95,
    "throughput" : 10.236523350106369,
    "receivedKBytesPerSec" : 30.53784156497523,
    "sentKBytesPerSec" : 6.408674636638747
  },
  "Lista de Compras sem Cache" : {
    "transaction" : "Lista de Compras sem Cache",
    "sampleCount" : 231,
    "errorCount" : 0,
    "errorPct" : 0.0,
    "meanResTime" : 11060.913419913417,
    "minResTime" : 5607.0,
    "maxResTime" : 13116.0,
    "pct1ResTime" : 13012.8,
    "pct2ResTime" : 13031.8,
    "pct3ResTime" : 13078.72,
    "throughput" : 1.9899726055719233,
    "receivedKBytesPerSec" : 3.1326521876776763,
    "sentKBytesPerSec" : 1.2359595479919367
  },
  "Login" : {
    "transaction" : "Login",
    "sampleCount" : 281,
    "errorCount" : 0,
    "errorPct" : 0.0,
    "meanResTime" : 5755.540925266907,
    "minResTime" : 2863.0,
    "maxResTime" : 9191.0,
    "pct1ResTime" : 7748.800000000006,
    "pct2ResTime" : 8023.5,
    "pct3ResTime" : 9096.14,
    "throughput" : 2.278587762118681,
    "receivedKBytesPerSec" : 1.1548701645894488,
    "sentKBytesPerSec" : 1.5220254192277127
  },
  "Produto sem Cache" : {
    "transaction" : "Produto sem Cache",
    "sampleCount" : 275,
    "errorCount" : 0,
    "errorPct" : 0.0,
    "meanResTime" : 21178.985454545462,
    "minResTime" : 6094.0,
    "maxResTime" : 25065.0,
    "pct1ResTime" : 24061.6,
    "pct2ResTime" : 24984.2,
    "pct3ResTime" : 25054.16,
    "throughput" : 2.2150267414137508,
    "receivedKBytesPerSec" : 12.07881769927186,
    "sentKBytesPerSec" : 1.3670868169662993
  },
  "Produto" : {
    "transaction" : "Produto",
    "sampleCount" : 276,
    "errorCount" : 0,
    "errorPct" : 0.0,
    "meanResTime" : 1697.311594202899,
    "minResTime" : 251.0,
    "maxResTime" : 2087.0,
    "pct1ResTime" : 2041.6,
    "pct2ResTime" : 2054.15,
    "pct3ResTime" : 2079.0,
    "throughput" : 2.3344131403777353,
    "receivedKBytesPerSec" : 12.729846656122337,
    "sentKBytesPerSec" : 1.4202533070852823
  }
}